{
  "n_bootstrap": 500,
  "n_folios_pool": 102,
  "procrustes_recall_at_1": {
    "mean": 0.19542857142857142,
    "ci_lo": 0.09523809523809523,
    "ci_hi": 0.2857142857142857
  },
  "procrustes_recall_at_5": {
    "mean": 0.6683809523809524,
    "ci_lo": 0.4988095238095243,
    "ci_hi": 0.8095238095238095
  },
  "ridge_recall_at_1": {
    "mean": 0.20685714285714282,
    "ci_lo": 0.09523809523809523,
    "ci_hi": 0.3333333333333333
  },
  "ridge_recall_at_5": {
    "mean": 0.7034285714285713,
    "ci_lo": 0.5238095238095238,
    "ci_hi": 0.8571428571428571
  }
}